23:17:04.202437,51.666659890901364
23:17:04.343032,56.61148642388849
23:17:04.382394,56.61148642388849
23:17:04.426511,54.833563964207116
23:17:04.491522,54.46232220802562
23:17:04.529903,61.476881393687975
23:17:04.560575,60.832386620422206
23:17:04.690555,59.65675111576043
23:17:04.743411,58.626994859891546
23:17:04.777812,58.626994859891546
23:17:04.805749,59.65675111576043
23:17:04.846745,59.65675111576043
23:17:04.896778,63.970407808486556
23:17:04.949886,64.48612957246576
23:17:04.991681,62.40270413135628
23:17:05.032128,62.9044475062482
23:17:05.067922,62.9044475062482
23:17:05.115985,62.9044475062482
23:17:05.189934,62.9044475062482
23:17:05.236950,62.9044475062482
23:17:05.286793,59.23728046576109
23:17:05.333581,60.832386620422206
23:17:05.370714,63.43494882292201
23:17:05.430140,60.25511870305779
23:17:05.477971,62.40270413135628
23:17:05.523677,62.40270413135628
23:17:05.696325,64.48612957246576
23:17:05.736359,62.927919762007235
23:17:05.785168,60.832386620422206
23:17:05.829975,61.38954033403479
23:17:05.881422,63.43494882292201
23:17:05.927511,63.43494882292201
23:17:05.976887,59.23728046576109
23:17:06.145724,62.927919762007235
23:17:06.244600,58.840695491655616
23:17:06.285911,63.43494882292201
23:17:06.313884,63.43494882292201
23:17:06.350269,59.42077312751099
23:17:06.399520,62.94940299291388
23:17:06.448314,62.94940299291388
23:17:06.478382,59.82647997035568
23:17:06.530806,59.82647997035568
23:17:06.620315,57.87500155961248
23:17:06.983569,57.144278049567006
23:17:07.025571,56.61148642388849
23:17:07.581960,0.0
23:17:07.629846,0.0
23:17:07.680688,0.0
23:17:07.732683,0.0
23:17:07.767253,0.0
23:17:07.799272,0.0
23:17:08.152897,141.604835496754
23:17:08.196263,139.304468960508
23:17:08.232412,143.79054318281396
23:17:08.290161,139.21417852273407
23:17:08.340820,140.82634202955578
23:17:08.388757,140.82634202955578
23:17:08.430735,144.94057303311303
23:17:08.472313,144.94057303311303
23:17:08.513115,143.79054318281396
23:17:09.088720,141.0724564072077
23:17:09.130654,138.01278750418336
23:17:09.210959,142.6333305872313
23:17:09.254562,142.6333305872313
23:17:09.294592,140.09211512449897
23:17:09.342508,140.41186915231702
23:17:09.392087,141.9810574068298
23:17:09.434089,141.9810574068298
23:17:09.486881,140.94686305397352
23:17:09.526108,142.6333305872313
23:17:09.578895,141.4698199851732
23:17:09.613915,142.12501634890182
23:17:09.646925,142.12501634890182
23:17:09.693147,142.12501634890182
23:17:09.742362,142.12501634890182
23:17:09.791774,142.12501634890182
23:17:09.828712,142.12501634890182
23:17:09.867071,142.79207807821845
23:17:09.908928,144.46232220802563
23:17:09.956510,144.46232220802563
23:17:09.998488,145.61965527615513
23:17:10.035489,145.61965527615513
23:17:10.066782,144.94057303311303
23:17:10.111776,145.61965527615513
23:17:10.141786,145.61965527615513
23:17:10.181421,144.27260177720032
23:17:10.223399,144.74364128703718
23:17:10.253184,144.74364128703718
23:17:10.284042,144.27260177720032
23:17:10.311051,144.74364128703718
23:17:10.350199,144.74364128703718
23:17:10.384618,145.40771131249005
23:17:10.425580,145.86405992208773
23:17:10.462163,145.86405992208773
23:17:10.509195,145.2039737217317
23:17:10.542168,145.2039737217317
23:17:10.593962,145.2039737217317
23:17:10.644003,145.6539025999385
23:17:10.689625,144.55428967240178
23:17:10.732669,145.2039737217317
23:17:10.774252,145.6539025999385
23:17:10.814786,145.6539025999385
23:17:10.866188,145.86405992208773
23:17:10.903297,144.55428967240178
23:17:10.942249,144.09027692082233
23:17:10.981773,144.09027692082233
23:17:11.027773,141.34019174590992
23:17:11.071296,133.7811247648687
23:17:11.117293,130.6012946450045
23:17:11.162470,0.0
23:17:11.199096,0.0
23:17:11.241133,116.99583839408663
23:17:11.312684,105.80251395393553
23:17:11.357327,105.80251395393553
23:17:11.401427,0.0
23:17:11.458987,95.19442890773482
23:17:11.507638,95.19442890773482
23:17:11.672411,74.47588900324574
23:17:11.799602,71.86191784440268
23:17:11.843107,71.86191784440268
23:17:11.893563,68.19859051364818
23:17:11.936849,67.5205656028969
23:17:11.982348,64.98310652189998
23:17:12.035104,63.43494882292201
23:17:12.177706,60.7807533095154
23:17:12.228602,58.448615051686524
23:17:12.268462,58.448615051686524
23:17:12.314457,59.32271997820356
23:17:12.365221,57.724355685422374
23:17:12.405740,58.448615051686524
23:17:12.446797,57.264773727892404
23:17:12.476307,57.264773727892404
23:17:12.513303,57.264773727892404
23:17:12.566915,58.6097318958122
23:17:12.613633,57.01147838636545
23:17:12.660517,57.01147838636545
23:17:12.709603,58.73626830562257
23:17:12.752165,58.6097318958122
23:17:12.804335,57.264773727892404
23:17:12.846163,57.724355685422374
23:17:12.891696,57.724355685422374
23:17:12.937729,56.768288932020646
23:17:12.985553,58.6097318958122
23:17:13.032635,58.6097318958122
23:17:13.086371,58.6097318958122
23:17:13.124466,57.90740867126584
23:17:13.169996,56.08256946302965
23:17:13.217998,56.309932474020215
23:17:13.272975,56.768288932020646
23:17:13.317018,56.768288932020646
23:17:13.370306,57.9946167919165
23:17:13.716063,94.31602751986563
23:17:13.768173,102.9946167919165
23:17:13.812254,102.9946167919165
23:17:13.855590,0.0
23:17:13.902234,114.77514056883193
23:17:13.954386,122.6805547433634
23:17:13.992020,126.86989764584402
23:17:14.030784,129.58813084768298
23:17:14.082902,129.58813084768298
23:17:14.130604,131.49646835521554
23:17:14.164942,133.29864539467388
23:17:14.211180,133.29864539467388
23:17:14.244457,135.55625222708068
23:17:14.298397,136.63657704161673
23:17:14.332396,139.23639479905884
23:17:14.385878,139.15964229371266
23:17:14.423061,139.15964229371266
23:17:14.459823,139.72013693104356
23:17:14.497418,140.65948184016247
23:17:14.545122,140.19442890773482
23:17:14.587847,140.19442890773482
23:17:14.627846,140.65948184016247
23:17:14.667422,140.65948184016247
23:17:14.700531,140.65948184016247
23:17:14.746799,140.19442890773482
23:17:14.776836,140.65948184016247
23:17:14.812376,140.65948184016247
23:17:14.844039,140.65948184016247
23:17:14.890118,140.65948184016247
23:17:14.922587,141.67988606322254
23:17:14.950837,140.65948184016247
23:17:14.984400,140.65948184016247
23:17:15.013392,140.65948184016247
23:17:15.044990,140.65948184016247
23:17:15.087739,140.65948184016247
23:17:15.133673,140.65948184016247
23:17:15.179533,141.1155035662854
23:17:15.228625,142.12501634890182
23:17:15.278195,140.76263288659845
23:17:15.316784,140.19442890773482
23:17:15.363282,138.17983011986425
23:17:15.408425,138.17983011986425
23:17:15.459536,135.53545898556453
23:17:15.510575,135.53545898556453
23:17:15.556963,133.33166255170673
23:17:15.599986,130.9555144258189
23:17:15.666960,0.0
23:17:15.756813,100.12467165539783
23:17:15.802178,100.12467165539783
23:17:16.195425,52.666804261814185
23:17:16.356995,47.96093613416375
23:17:16.388868,47.96093613416375
23:17:16.443318,43.99491399474582
23:17:16.488199,44.012239600360196
23:17:16.581815,44.060809054264425
23:17:16.619038,45.93919094573558
23:17:16.658068,45.93919094573558
23:17:16.700777,45.954841253872196
23:17:16.742489,44.52649194126507
23:17:16.788182,44.52649194126507
23:17:16.837581,44.04515874612782
23:17:16.882517,44.04515874612782
23:17:16.925508,45.0
23:17:16.956530,44.52649194126507
23:17:17.103497,45.0
23:17:17.154628,45.0
23:17:17.221432,46.420265546399044
23:17:17.264497,46.420265546399044
23:17:17.300573,45.0
23:17:17.337909,45.0
23:17:17.374010,45.0
23:17:17.416285,45.0
23:17:17.467756,46.46880071438583
23:17:18.104161,0.0
23:17:18.157515,0.0
23:17:18.201190,113.96248897457818
23:17:18.248246,119.51149855709032
23:17:18.294938,126.86989764584402
23:17:18.335017,129.58813084768298
23:17:18.368391,131.42366562500266
23:17:18.415349,131.42366562500266
23:17:18.462340,133.8542371618249
23:17:18.493710,133.8542371618249
23:17:18.522787,134.43273359014208
23:17:18.559828,135.56726640985795
23:17:18.603581,136.10170611520635
23:17:18.658055,136.10170611520635
23:17:18.701997,137.20259816176582
23:17:18.748973,138.30186567443502
23:17:18.800025,137.7791668640721
23:17:18.839984,136.6683374482933
23:17:18.885740,136.6683374482933
23:17:18.933189,137.20259816176582
23:17:18.986758,137.7791668640721
23:17:19.032260,137.7791668640721
23:17:19.078411,137.7791668640721
23:17:19.114359,136.6683374482933
23:17:19.151039,137.20259816176582
23:17:19.192183,136.63657704161673
23:17:19.235621,137.67542665602917
23:17:19.282471,137.67542665602917
23:17:19.321758,137.72631099390628
23:17:19.371518,137.16107948822636
23:17:19.423866,139.31602751986563
23:17:19.470604,139.31602751986563
23:17:19.506380,137.16107948822636
23:17:19.541807,138.17983011986425
23:17:19.583424,138.23970029610214
23:17:19.632390,137.67542665602917
23:17:19.686742,137.67542665602917
23:17:19.733152,136.0809241866607
23:17:19.777746,134.44374777291935
23:17:19.821874,134.44374777291935
23:17:19.864028,133.29864539467388
23:17:19.901152,130.9555144258189
23:17:19.950207,124.18612248637504
23:17:19.990457,0.0
23:17:20.032460,0.0
23:17:20.078563,0.0
23:17:20.120244,107.17590361574675
23:17:20.225978,92.04540848888723
23:17:20.475965,59.93141717813755
23:17:20.666677,52.52382043863863
23:17:20.705880,52.52382043863863
23:17:20.796753,48.742988295687134
23:17:20.848947,48.742988295687134
23:17:20.959280,48.12213046211571
23:17:20.995239,47.62640563829075
23:17:21.043234,50.55994726330954
23:17:21.097270,50.55994726330954
23:17:21.143300,50.29008120537127
23:17:21.182928,50.29008120537127
23:17:21.215588,50.10216525235819
23:17:21.265705,48.179830119864235
23:17:21.297266,48.179830119864235
23:17:21.345266,47.57914750028342
23:17:21.432935,47.62640563829075
23:17:21.469904,47.082565279730886
23:17:21.518021,47.00955381302114
23:17:21.563027,47.00955381302114
23:17:21.641974,48.54476645559489
23:17:21.683469,48.54476645559489
23:17:21.759487,46.548157698977974
23:17:21.801993,46.520769661143774
23:17:21.844012,46.520769661143774
23:17:21.877334,49.23639479905884
23:17:21.993457,49.666858371439
23:17:22.031436,49.666858371439
23:17:22.082043,51.072456407207696
23:17:22.131032,57.01147838636545
23:17:22.177597,57.01147838636545
23:17:22.397634,80.9097230791777
23:17:22.442654,91.10170611520638
23:17:22.483360,91.10170611520638
23:17:22.570497,0.0
23:17:22.614182,119.35775354279127
23:17:22.665333,125.88213724620422
23:17:22.711925,130.29214775562778
23:17:22.755924,130.29214775562778
23:17:22.802825,136.3019526725789
23:17:22.842764,136.3019526725789
23:17:22.885275,139.9697407281103
23:17:22.915587,142.95752522691714
23:17:22.953004,145.61965527615513
23:17:22.985523,145.61965527615513
23:17:23.014521,148.07912378006682
23:17:23.042054,149.57421619803876
23:17:23.079843,149.57421619803876
23:17:23.119988,149.96671956400488
23:17:23.157847,149.96671956400488
23:17:23.187745,150.72474572274743
23:17:23.223985,152.41797079220285
23:17:23.249980,152.41797079220285
23:17:23.278531,153.10376303450664
23:17:23.312532,153.43494882292202
23:17:23.341531,153.75865034784223
23:17:23.374609,153.75865034784223
23:17:23.410322,153.75865034784223
23:17:23.440315,153.75865034784223
23:17:23.470322,153.75865034784223
23:17:23.500610,153.75865034784223
23:17:23.531171,153.75865034784223
23:17:23.563136,154.07509849244556
23:17:23.593675,154.72227776444703
23:17:23.623674,154.72227776444703
23:17:23.654677,154.72227776444703
23:17:23.684810,154.4114868586836
23:17:23.724871,154.4114868586836
23:17:23.755770,154.4114868586836
23:17:23.791637,154.4114868586836
23:17:23.846550,154.4114868586836
23:17:23.887063,154.09349200048564
23:17:23.931050,154.09349200048564
23:17:23.973182,154.09349200048564
23:17:24.018703,153.10376303450664
23:17:24.057697,152.7648533006975
23:17:24.081930,149.57421619803876
23:17:24.131935,147.21571913413086
23:17:24.179493,145.14554443389636
23:17:24.224474,145.14554443389636
23:17:24.266518,141.89242312248513
23:17:24.311048,136.3019526725789
23:17:24.357871,136.3019526725789
23:17:24.408498,131.4677054161091
23:17:24.450432,118.07248693585296
23:17:24.496664,108.06047193619919
23:17:24.574675,88.8542371618249
23:17:24.611979,88.8542371618249
23:17:25.071134,44.492970939085225
23:17:25.112687,44.51030440687077
23:17:25.158059,44.51030440687077
23:17:25.248920,40.389350681339394
23:17:25.276972,41.36704926051179
23:17:25.323523,40.049727765708255
23:17:25.377534,39.64417495714481
23:17:25.421173,39.64417495714481
23:17:25.471199,40.53284093861073
23:17:25.523006,40.53284093861073
23:17:25.566043,40.049727765708255
23:17:25.614826,40.126103577795234
23:17:25.647911,40.126103577795234
23:17:25.683478,39.33271432176087
23:17:25.726349,39.33271432176087
23:17:25.768552,39.33271432176087
23:17:25.812269,39.33271432176087
23:17:25.855108,38.94580810588516
23:17:25.882639,38.94580810588516
23:17:25.920648,38.94580810588516
23:17:25.973735,38.565260848963284
23:17:26.013354,38.565260848963284
23:17:26.047227,38.94580810588516
23:17:26.098500,38.19094982038659
23:17:26.143633,38.19094982038659
23:17:26.185054,38.565260848963284
23:17:26.214055,38.467863312147564
23:17:26.616609,53.31027716752419
23:17:26.808311,113.355564859286
23:17:26.843909,113.355564859286
23:17:26.875033,125.16643603579291
23:17:26.908559,134.30972280213493
23:17:27.015482,148.90268711422056
23:17:27.076983,152.41797079220285
23:17:27.128751,152.41797079220285
23:17:27.163116,154.38451567935783
23:17:27.193702,157.47943439710312
23:17:27.246732,158.55226367289467
23:17:27.298282,159.22774531795417
23:17:27.343529,159.44395478041653
23:17:27.375517,159.44395478041653
23:17:27.419033,158.8752808539275
23:17:27.458094,158.8752808539275
23:17:27.509049,159.44395478041653
23:17:27.550360,159.09201952899036
23:17:27.602839,159.09201952899036
23:17:27.647255,158.8752808539275
23:17:27.698460,159.44395478041653
23:17:27.746469,159.44395478041653
23:17:27.784046,158.08513367280827
23:17:27.834409,158.08513367280827
23:17:27.884299,158.08513367280827
23:17:27.927353,157.8548199617767
23:17:27.965761,158.19859051364818
23:17:28.005361,157.28558764683277
23:17:28.047328,156.47679097954037
23:17:28.117258,156.47679097954037
23:17:28.153625,156.47679097954037
23:17:28.189300,156.47679097954037
23:17:28.230404,155.65891006330747
23:17:28.267914,155.65891006330747
23:17:28.324778,155.40020939484253
23:17:28.364177,154.86704500708666
23:17:28.417736,151.60698057861703
23:17:28.462720,149.8986954344003
23:17:28.518360,147.35535986508353
23:17:28.554619,147.35535986508353
23:17:28.599307,143.79054318281396
23:17:28.648313,138.73139699916047
23:17:28.697084,138.73139699916047
23:17:28.738210,0.0
23:17:28.865167,0.0
23:17:29.051881,56.309932474020215
23:17:29.099023,56.309932474020215
23:17:29.916994,30.68517308959513
23:17:29.964898,30.68517308959513
23:17:30.303010,30.09424147644501
23:17:30.355145,30.09424147644501
23:17:31.039855,0.0
23:17:31.083873,0.0
23:17:31.137119,133.66778014613035
23:17:31.180885,145.00797980144134
23:17:31.227639,148.1509486809447
23:17:31.277644,150.60394714505676
23:17:31.323576,150.60394714505676
23:17:31.356525,152.83501494266807
23:17:31.386538,154.59228189105156
23:17:31.415597,155.71417484434872
23:17:31.448596,155.71417484434872
23:17:31.483748,156.80140948635182
23:17:31.519485,156.80140948635182
23:17:31.551517,157.8548199617767
23:17:31.601077,158.65421335091025
23:17:31.639052,158.8752808539275
23:17:31.682170,158.53234856090103
23:17:31.731830,158.53234856090103
23:17:31.772768,158.53234856090103
23:17:31.819438,159.09201952899036
23:17:31.866535,159.3045492659367
23:17:31.915033,159.3045492659367
23:17:31.965018,158.53234856090103
23:17:32.013716,158.74949449286677
23:17:32.058705,158.74949449286677
23:17:32.103414,158.96248897457818
23:17:32.142384,159.7174409110834
23:17:32.186280,159.7174409110834
23:17:32.233987,158.96248897457818
23:17:32.281197,158.96248897457818
23:17:32.319965,158.96248897457818
23:17:32.347099,159.17144420979318
23:17:32.376984,158.96248897457818
23:17:32.414650,158.96248897457818
23:17:32.448534,158.41603075823042
23:17:32.494331,158.41603075823042
23:17:32.546763,158.74949449286677
23:17:32.587777,157.19545952867895
23:17:32.640572,156.16125981682828
23:17:32.691120,152.83501494266807
23:17:32.736669,150.94539590092288
23:17:32.787672,146.513831184487
23:17:32.831600,146.513831184487
23:17:32.866069,143.44752724790845
23:17:32.900764,143.44752724790845
23:17:32.927790,137.43664824681014
23:17:32.967899,0.0
23:17:33.010635,121.67546873810922
23:17:34.202106,107.74467162505692
23:17:34.241093,107.74467162505692
23:17:34.265141,120.78414652632647
23:17:34.302366,126.098283967108
23:17:34.338451,126.098283967108
23:17:34.396520,131.18592516570965
23:17:34.445538,137.38594403038883
23:17:34.496651,137.38594403038883
23:17:34.541931,138.36646066342982
23:17:34.583100,141.45881637871867
23:17:34.636703,143.2758928270752
23:17:34.687936,144.2933085993971
23:17:34.732426,143.86462338841082
23:17:34.775565,143.86462338841082
23:17:34.821203,141.92721812600917
23:17:34.869084,141.92721812600917
23:17:34.914838,139.9937439858234
23:17:35.008357,0.0
23:17:35.060468,119.35775354279127
23:17:35.108930,113.05130091647304
23:17:35.155069,113.05130091647304
23:17:35.198571,103.17255342332689
23:17:35.254662,93.50353164478446
23:17:35.291629,93.50353164478446
23:17:35.728500,41.82016988013577
23:17:36.183712,101.53462065364472
23:17:36.271518,123.40782458970894
23:17:36.306877,123.40782458970894
23:17:36.355806,131.0090869015702
23:17:36.410529,138.73139699916047
23:17:36.447406,138.73139699916047
23:17:36.491481,142.48088617952365
23:17:36.516899,142.48088617952365
23:17:36.555907,147.35535986508353
23:17:36.594415,149.8986954344003
23:17:36.631069,151.88679112394405
23:17:36.680968,154.02560603756868
23:17:36.730665,153.43494882292202
23:17:36.781547,153.43494882292202
23:17:36.827165,153.13808215559732
23:17:36.878752,152.52556837372285
23:17:36.917000,152.52556837372285
23:17:36.951874,151.2796732021305
23:17:36.988301,150.52411099675425
23:17:37.022985,147.35535986508353
23:17:37.051988,147.35535986508353
23:17:37.091508,145.86405992208773
23:17:37.138368,140.52754015165618
23:17:37.185379,140.52754015165618
23:17:37.231174,133.66778014613035
23:17:37.330789,0.0
23:17:37.482766,76.23921488820876
23:17:37.531862,76.23921488820876
23:17:37.877581,43.47923033885623
23:17:37.926304,43.47923033885623
23:17:37.970301,41.51672853100233
23:17:38.006414,41.05481377096244
23:17:38.353681,62.96913974015701
23:17:38.383684,73.07248693585295
23:17:38.418477,73.07248693585295
23:17:38.545881,112.71441235316723
23:17:38.597290,123.69006752597979
23:17:38.645006,123.69006752597979
23:17:38.697153,129.93638314696994
23:17:38.741102,146.09372301155784
23:17:38.774093,146.09372301155784
23:17:38.815797,148.1509486809447
23:17:38.851675,148.1509486809447
23:17:38.888758,150.25511870305778
23:17:38.929350,151.88679112394405
23:17:38.976244,153.43494882292202
23:17:39.021089,153.43494882292202
23:17:39.055080,153.43494882292202
23:17:39.097101,153.43494882292202
23:17:39.142892,153.43494882292202
23:17:39.199959,153.13018691250096
23:17:39.235590,150.80251395393555
23:17:39.267570,148.49573328079583
23:17:39.314248,145.3590524880837
23:17:39.418862,132.82525588538996
23:17:39.456797,132.82525588538996
23:17:39.507342,123.9964591482505
23:17:39.550339,111.80140948635182
23:17:39.591371,111.80140948635182
23:17:39.657931,87.56335175318986
23:17:39.704138,87.56335175318986
23:17:39.738560,78.23171106797936
23:17:39.873124,49.30446896050799
23:17:40.015292,41.257011704312866
23:17:40.048284,41.257011704312866
23:17:40.081288,39.70991879462873
23:17:40.110748,40.279863068956445
23:17:40.137748,40.279863068956445
23:17:40.182751,40.84035770628736
23:17:40.225332,41.32550047917034
23:17:40.268362,41.32550047917034
23:17:40.314922,42.324573343970854
23:17:40.439451,46.2188752351313
23:17:40.480441,51.48307369289724
23:17:40.676533,93.57633437499737
23:17:40.800411,114.62356478616361
23:17:40.829071,114.62356478616361
23:17:40.861074,122.0053832080835
23:17:40.897074,130.29214775562778
23:17:40.941697,135.0
23:17:40.979155,135.0
23:17:41.025914,138.50353164478446
23:17:41.077840,142.81529354676687
23:17:41.116509,142.81529354676687
23:17:41.164494,144.02761295071508
23:17:41.215947,145.90502204523446
23:17:41.259965,146.915147071265
23:17:41.303073,146.915147071265
23:17:41.354496,146.72511201516508
23:17:41.401526,146.72511201516508
23:17:41.448067,144.3720927085791
23:17:41.502081,139.21417852273407
23:17:41.586122,127.8749836510982
23:17:41.615685,127.8749836510982
23:17:41.647677,120.41108126712537
23:17:41.683676,109.88516511385545
23:17:41.726920,95.82634202955579
23:17:41.758906,95.82634202955579
23:17:41.790909,87.56335175318986
23:17:41.843102,87.56335175318986
23:17:42.130178,43.33166255170669
23:17:42.180296,41.69813432556499
23:17:42.224807,41.69813432556499
23:17:42.252703,41.76029970389787
23:17:42.290704,41.257011704312866
23:17:42.327071,41.257011704312866
23:17:42.368036,41.257011704312866
23:17:42.400061,43.93908830973578
23:17:42.431935,43.93908830973578
23:17:42.715469,68.19859051364818
23:17:42.747522,68.19859051364818
23:17:42.774581,75.96375653207353
23:17:42.871297,99.09027692082232
23:17:42.907811,99.09027692082232
23:17:42.984301,117.9509690278902
23:17:43.028842,0.0
23:17:43.057843,0.0
23:17:43.086036,131.92254460057563
23:17:43.114736,137.29061004263855
23:17:43.155713,137.29061004263855
23:17:43.204717,140.76263288659845
23:17:43.249375,146.86439045128114
23:17:43.295496,148.81502534126162
23:17:43.327024,149.78867761416518
23:17:43.383034,151.2428791026976
23:17:43.421699,151.2428791026976
23:17:43.467766,151.2428791026976
23:17:43.513229,151.2428791026976
23:17:43.559350,152.07102129131908
23:17:43.596296,151.48875370589127
23:17:43.627962,149.60127228583394
23:17:43.688848,147.84770485871766
23:17:43.731403,144.2933085993971
23:17:43.799255,140.49232455712746
23:17:43.843044,140.49232455712746
23:17:43.892089,135.0
23:17:43.932773,135.0
23:17:43.978702,0.0
23:17:44.026618,119.74488129694224
23:17:44.077105,100.40771131249006
23:17:44.575952,41.93351449887411
23:17:44.625454,41.39153114743365
23:17:44.976426,64.3589941756947
23:17:45.096564,113.74949449286677
23:17:45.137941,113.74949449286677
23:17:45.182942,122.61924307119284
23:17:45.230365,129.35175262626473
23:17:45.269420,129.35175262626473
23:17:45.310470,136.70135460532612
23:17:45.349917,140.86960044301472
23:17:45.382282,146.5048153262588
23:17:45.407622,146.5048153262588
23:17:45.440394,149.1534125878514
23:17:45.479450,151.33604288971847
23:17:45.520741,151.33604288971847
23:17:45.553752,152.54900222906778
23:17:45.586310,152.54900222906778
23:17:45.612358,152.54900222906778
23:17:45.643567,152.52556837372285
23:17:45.684792,152.52556837372285
23:17:45.725612,151.2201936956028
23:17:45.769691,148.39249775375112
23:17:45.944089,0.0
23:17:45.972712,120.57922687248902
23:17:46.434613,42.91743472026912
23:17:46.462613,42.46644111160543
23:17:46.512398,42.46644111160543
23:17:46.556402,42.990446186978865
23:17:46.603394,42.95459151111278
23:17:46.730364,55.30484646876604
23:17:46.768347,55.30484646876604
23:17:46.923721,0.0
23:17:47.025400,0.0
23:17:47.068533,123.11134196037203
23:17:47.135379,123.11134196037203
23:17:47.173298,142.3343788014167
23:17:47.215951,142.3343788014167
23:17:47.257828,145.4914770123316
23:17:47.293416,148.67130713219584
23:17:47.333304,149.74356283647074
23:17:47.370302,149.74356283647074
23:17:47.416532,150.67952412241925
23:17:47.458525,151.2796732021305
23:17:47.499556,151.2796732021305
23:17:47.538362,150.94539590092288
23:17:47.560363,148.2405199151872
23:17:47.609093,145.14554443389636
23:17:47.660763,140.07960786001456
23:17:47.708880,132.87890360333853
23:17:47.741434,132.87890360333853
23:17:47.785443,123.9964591482505
23:17:47.835149,123.9964591482505
23:17:47.936993,95.07960786001458
23:17:48.347382,41.87786953788429
23:17:48.380963,41.455233544405125
23:17:48.411826,41.987212495816664
23:17:48.440103,41.987212495816664
23:17:48.925146,0.0
23:17:48.962930,0.0
23:17:49.012810,129.28940686250039
23:17:49.057963,129.28940686250039
23:17:49.109287,136.27303002005672
23:17:49.154502,146.10383343663608
23:17:49.200515,148.79948539601938
23:17:49.239482,150.49927537650086
23:17:49.285040,150.49927537650086
23:17:49.336815,152.86486037792312
23:17:49.384817,153.43494882292202
23:17:49.432376,153.71173787509977
23:17:49.492510,153.15270588665118
23:17:49.545058,152.27174257768087
23:17:49.596048,152.27174257768087
23:17:49.641318,150.67952412241925
23:17:49.682772,147.52880770915152
23:17:49.733498,147.52880770915152
23:17:49.783502,142.81529354676687
23:17:49.853850,119.47588900324575
23:17:50.072921,69.19320898728877
23:17:50.121074,69.19320898728877
23:17:50.418803,39.06258390051848
23:17:50.463896,40.049727765708255
23:17:50.497777,40.049727765708255
23:17:50.986890,0.0
23:17:51.039477,0.0
23:17:51.131653,138.99091309842976
23:17:51.186694,143.9726266148964
23:17:51.229198,147.5876933816488
23:17:51.278195,147.5876933816488
23:17:51.331913,149.79676224505735
23:17:51.374936,151.84380855172742
23:17:51.414915,153.12186024790134
23:17:51.443476,153.12186024790134
23:17:51.475984,152.80187205149088
23:17:51.509987,150.80251395393555
23:17:51.551570,149.3002774491856
23:17:51.596576,145.2039737217317
23:17:51.637243,145.2039737217317
23:17:51.688256,141.0724564072077
23:17:51.725789,135.6740368979845
23:17:51.761779,128.99099404250546
23:17:51.795778,128.99099404250546
23:17:51.832339,120.17352002964432
23:17:51.868334,120.17352002964432
23:17:51.899340,108.43494882292202
23:17:51.930869,93.81407483429037
23:17:51.958864,93.81407483429037
23:17:52.400197,39.472459848343824
23:17:52.991439,0.0
23:17:53.097002,127.45057823173673
23:17:53.140569,133.7269699799433
23:17:53.185970,133.7269699799433
23:17:53.225072,138.50353164478446
23:17:53.270632,138.50353164478446
23:17:53.314592,147.6926655451179
23:17:53.361755,148.79948539601938
23:17:53.408650,149.74356283647074
23:17:53.466514,149.74356283647074
23:17:53.508915,149.74356283647074
23:17:53.552547,149.74356283647074
23:17:53.596460,149.03624346792648
23:17:53.643139,148.2985703304943
23:17:53.679993,148.2985703304943
23:17:53.718132,139.86451443776053
23:17:53.755753,135.0
23:17:53.801870,135.0
23:17:53.842438,127.69424046668918
23:17:53.881517,0.0
23:17:53.924199,0.0
23:17:54.000184,93.73139699916044
23:17:54.023766,93.73139699916044
23:17:54.064881,83.51692630710276
23:17:54.113915,70.82099197418928
23:17:54.157558,63.43494882292201
23:17:54.208968,63.43494882292201
23:17:54.255179,54.34467190209969
23:17:54.300179,46.88818800674093
23:17:54.347987,44.39690880561947
23:17:54.401014,43.264295411071615
23:17:54.430529,43.264295411071615
23:17:54.475649,42.16588898369349
23:17:54.513762,42.16588898369349
23:17:54.549138,42.22083313592791
23:17:54.591132,42.75425743410493
23:17:54.626080,44.43273359014207
23:17:54.655954,44.43273359014207
23:17:54.694959,45.59065721464667
23:17:54.735619,48.14495746469803
23:17:54.780749,56.88865803962798
23:17:55.003308,99.03948280335513
23:17:55.049086,99.03948280335513
23:17:55.131458,120.41108126712537
23:17:55.174463,120.41108126712537
23:17:55.220606,128.0470425318261
23:17:55.274257,139.12759170251172
23:17:55.322318,143.91492695714788
23:17:55.369952,145.68491240000273
23:17:55.417220,148.91249467652003
23:17:55.459056,148.91249467652003
23:17:55.509907,150.25511870305778
23:17:55.550362,150.94539590092288
23:17:55.582746,150.60394714505676
23:17:55.633380,148.53585636913425
23:17:55.672354,148.53585636913425
23:17:55.698349,145.68491240000273
23:17:55.728913,142.3343788014167
23:17:55.910210,123.11134196037203
23:17:55.999435,102.01147838636545
23:17:56.100554,81.34745820888527
23:17:56.146244,71.93952806380082
23:17:56.176298,71.93952806380082
23:17:56.210373,63.43494882292201
23:17:56.243873,57.20046872738079
23:17:56.290930,57.20046872738079
23:17:56.338368,53.53076560994813
23:17:56.380632,49.707852244372226
23:17:56.420489,49.707852244372226
23:17:56.459180,48.07745539942438
23:17:56.496228,46.80873932249206
23:17:56.538941,46.80873932249206
23:17:56.565073,46.77146974003408
23:17:56.595588,47.33730585912382
23:17:56.639473,47.33730585912382
23:17:56.683469,48.57633437499736
23:17:56.734112,50.527540151656176
23:17:56.782005,57.144278049567006
23:17:56.815076,64.39781244855823
23:17:56.856926,64.39781244855823
23:17:56.902955,72.2995722113328
23:17:56.944643,82.72499504211075
23:17:56.974719,96.3401917459099
23:17:57.010609,96.3401917459099
23:17:57.062528,109.17900802581073
23:17:57.158435,133.7811247648687
23:17:57.206323,137.29061004263855
23:17:57.251224,137.29061004263855
23:17:57.298213,140.86960044301472
23:17:57.342672,143.13010235415598
23:17:57.371673,144.38151016074826
23:17:57.406788,144.38151016074826
23:17:57.449101,147.0613094570445
23:17:57.495097,148.34872711328737
23:17:57.546717,148.34872711328737
23:17:57.587840,148.34872711328737
23:17:57.636491,148.5704343851615
23:17:57.686367,147.63336193527502
23:17:57.734993,146.5048153262588
23:17:57.777039,145.30484646876604
23:17:57.807012,145.30484646876604
23:17:57.841488,144.02761295071508
23:17:57.889639,144.02761295071508
23:17:57.940073,143.74616226255523
23:17:57.983498,142.96961039432136
23:17:58.035392,139.21417852273407
23:17:58.087375,137.48955292199918
23:17:58.124379,135.62959860841028
23:17:58.145420,135.62959860841028
23:17:58.177421,133.02506598911805
23:17:58.227448,131.6335393365702
23:17:58.261950,131.6335393365702
23:17:58.294812,130.17923392190735
23:17:58.330478,128.6598082540901
23:17:58.376506,128.6598082540901
23:17:58.411602,128.50065372034544
23:17:58.457338,127.69424046668918
23:17:58.503323,127.69424046668918
23:17:58.551125,127.69424046668918
23:17:58.598005,127.50414236027015
23:17:58.639547,128.15722658736905
23:17:58.669692,128.99099404250546
23:17:58.707653,129.66784111834045
23:17:58.757367,129.66784111834045
23:17:58.804232,129.66784111834045
23:17:58.843348,130.36453657309735
23:17:58.877472,130.36453657309735
23:17:58.923483,131.08175113593262
23:17:58.957926,131.08175113593262
23:17:59.009960,131.08175113593262
23:17:59.058606,129.52263127117112
23:17:59.108624,129.52263127117112
23:17:59.152529,128.8298249049704
23:17:59.198480,128.15722658736905
23:17:59.247055,128.15722658736905
23:17:59.291183,128.15722658736905
23:17:59.341935,128.15722658736905
23:17:59.386179,128.15722658736905
23:17:59.430725,126.02737338510362
23:17:59.478249,126.02737338510362
23:17:59.528263,126.02737338510362
23:17:59.571916,126.02737338510362
23:17:59.600562,124.56252464888182
23:17:59.627559,124.56252464888182
23:17:59.657381,124.56252464888182
23:17:59.686317,124.56252464888182
23:17:59.721475,124.56252464888182
23:17:59.753153,124.56252464888182
23:17:59.789146,124.56252464888182
23:17:59.821265,124.56252464888182
23:17:59.845818,124.56252464888182
23:17:59.883818,124.56252464888182
23:17:59.915816,124.56252464888182
23:17:59.958547,124.56252464888182
23:17:59.999439,123.97654403625687
23:18:00.028546,123.97654403625687
23:18:00.066375,123.97654403625687
23:18:00.101251,124.56252464888182
23:18:00.147067,123.11134196037203
23:18:00.180993,123.11134196037203
23:18:00.227094,123.69006752597979
23:18:00.279949,123.69006752597979
23:18:00.318768,123.11134196037203
23:18:00.360058,123.97654403625687
23:18:00.394070,123.40782458970894
23:18:00.445614,123.40782458970894
23:18:00.485874,123.40782458970894
23:18:00.521925,123.40782458970894
23:18:00.572630,123.40782458970894
23:18:00.620267,123.40782458970894
23:18:00.663936,123.40782458970894
23:18:00.706003,123.40782458970894
23:18:00.740506,123.40782458970894
23:18:00.777628,123.40782458970894
23:18:00.829580,122.85572195043302
23:18:00.864447,122.85572195043302
23:18:00.900876,123.69006752597979
23:18:00.935693,123.40782458970894
23:18:00.968969,122.31961650818018
23:18:01.001034,122.31961650818018
23:18:01.035615,122.31961650818018
23:18:01.065719,121.476839349584
23:18:01.103615,121.476839349584
23:18:01.151278,121.79891282429445
23:18:01.190376,121.79891282429445
23:18:01.220405,122.31961650818018
23:18:01.249990,123.146995832256
23:18:01.279911,123.146995832256
23:18:01.308909,122.31961650818018
23:18:01.343645,123.146995832256
23:18:01.375539,122.31961650818018
23:18:01.408664,122.31961650818018
23:18:01.442327,122.31961650818018
23:18:01.489223,121.79891282429445
23:18:01.536964,121.79891282429445
23:18:01.588972,122.61924307119284
23:18:01.638698,122.61924307119284
23:18:01.684607,122.61924307119284
23:18:01.728615,122.61924307119284
23:18:01.774351,122.61924307119284
23:18:01.794272,121.79891282429445
23:18:01.831274,122.31961650818018
23:18:01.857033,122.31961650818018
23:18:01.900193,121.79891282429445
23:18:01.936072,120.96375653207352
23:18:01.982245,120.96375653207352
23:18:02.037304,120.96375653207352
23:18:02.084329,120.96375653207352
23:18:02.105219,120.96375653207352
23:18:02.147020,120.96375653207352
23:18:02.183307,120.96375653207352
23:18:02.240191,120.96375653207352
23:18:02.293185,120.11373315098245
23:18:02.335195,120.11373315098245
23:18:02.381744,119.6237487511738
23:18:02.415749,119.6237487511738
23:18:02.464262,119.6237487511738
23:18:02.508430,119.6237487511738
23:18:02.557095,118.76764933884382
23:18:02.602633,120.46554491945989
23:18:02.636867,120.46554491945989
23:18:02.691387,120.46554491945989
23:18:02.729519,119.14807184571306
23:18:02.771314,119.98163936884934
23:18:02.810326,120.46554491945989
23:18:02.850797,120.46554491945989
23:18:02.905110,120.46554491945989
23:18:02.948946,120.46554491945989
23:18:02.996761,120.46554491945989
23:18:03.048018,120.46554491945989
23:18:03.090060,120.46554491945989
23:18:03.139548,120.46554491945989
23:18:03.195797,119.98163936884934
23:18:03.247354,120.46554491945989
23:18:03.297481,120.46554491945989
23:18:03.338274,121.2930389959202
23:18:03.389821,121.79891282429445
23:18:03.440370,121.2930389959202
23:18:03.489684,121.2930389959202
